,game_id,matchday,team_homes,team_aways,p_home_win,p_away_win,p_draw,p_home_score,p_away_score
0,2228923,2,Udinese,Venezia,27.89,27.81,44.3,"[0.5740000000000001, 0.321, 0.087, 0.014000000000000002, 0.002, 0.0]","[0.5730000000000001, 0.32, 0.088, 0.015, 0.002, 0.0]"
1,2228924,3,Atalanta,Fiorentina,33.63,33.69,32.68,"[0.398, 0.36400000000000005, 0.169, 0.055, 0.013000000000000001, 0.002]","[0.397, 0.36500000000000005, 0.17, 0.054000000000000006, 0.013000000000000001, 0.002]"
2,2228926,3,Cagliari,Genoa,33.89,32.75,33.36,"[0.418, 0.36300000000000004, 0.159, 0.048, 0.009000000000000001, 0.001]","[0.427, 0.35900000000000004, 0.158, 0.042, 0.01, 0.002]"
3,2228927,3,Empoli,Venezia,30.78,30.61,38.62,"[0.49700000000000005, 0.35, 0.11900000000000001, 0.024999999999999998, 0.004, 0.0]","[0.501, 0.337, 0.125, 0.027, 0.004, 0.001]"
4,2228928,3,Milan,Lazio,37.23,37.12,25.65,"[0.251, 0.351, 0.23900000000000002, 0.108, 0.037000000000000005, 0.010000000000000002]","[0.254, 0.346, 0.241, 0.107, 0.038000000000000006, 0.010000000000000002]"
5,2228929,3,Napoli,Juventus,34.04,33.5,32.45,"[0.397, 0.36400000000000005, 0.17, 0.054, 0.011000000000000001, 0.002]","[0.4, 0.37000000000000005, 0.163, 0.051000000000000004, 0.012, 0.002]"
6,2228930,3,Roma,Sassuolo,36.8,36.69,26.51,"[0.25899999999999995, 0.355, 0.231, 0.105, 0.036000000000000004, 0.010000000000000002]","[0.264, 0.349, 0.234, 0.103, 0.037000000000000005, 0.009000000000000001]"
7,2228931,3,Sampdoria,Inter,34.41,34.85,30.73,"[0.36700000000000005, 0.36600000000000005, 0.18400000000000002, 0.06299999999999999, 0.015, 0.003]","[0.36500000000000005, 0.36300000000000004, 0.18600000000000003, 0.066, 0.016, 0.002]"
8,2228933,3,Torino,Salernitana,31.52,31.48,36.99,"[0.467, 0.35900000000000004, 0.133, 0.033, 0.007, 0.002]","[0.467, 0.36200000000000004, 0.132, 0.033, 0.006, 0.001]"
9,2228934,4,Empoli,Sampdoria,28.39,28.06,43.55,"[0.5670000000000001, 0.31799999999999995, 0.091, 0.018000000000000002, 0.003, 0.0]","[0.5690000000000001, 0.31999999999999995, 0.092, 0.015, 0.001, 0.0]"
10,2228935,4,Genoa,Fiorentina,33.52,33.35,33.12,"[0.402, 0.36700000000000005, 0.169, 0.05, 0.011000000000000003, 0.002]","[0.403, 0.37000000000000005, 0.164, 0.05, 0.012, 0.002]"
11,2228936,4,Verona,Roma,38.61,38.2,23.2,"[0.199, 0.314, 0.255, 0.143, 0.055999999999999994, 0.019000000000000003]","[0.202, 0.312, 0.256, 0.13699999999999998, 0.059, 0.02]"
12,2228937,4,Inter,Bologna,19.45,18.74,61.81,"[0.756, 0.21200000000000002, 0.029, 0.002, 0.0, 0.0]","[0.761, 0.20700000000000002, 0.028999999999999998, 0.002, 0.0, 0.0]"
13,2228938,4,Juventus,Milan,32.43,32.05,35.52,"[0.447, 0.35900000000000004, 0.144, 0.039, 0.008, 0.001]","[0.452, 0.35800000000000004, 0.13899999999999998, 0.041, 0.007, 0.001]"
14,2228939,4,Lazio,Cagliari,26.48,26.22,47.29,"[0.615, 0.29500000000000004, 0.07500000000000001, 0.013000000000000001, 0.001, 0.0]","[0.6160000000000001, 0.29900000000000004, 0.07200000000000001, 0.011, 0.001, 0.0]"
15,2228940,4,Salernitana,Atalanta,30.1,31.33,38.57,"[0.502, 0.343, 0.12300000000000001, 0.028, 0.004, 0.0]","[0.49300000000000005, 0.346, 0.125, 0.030000000000000002, 0.006, 0.0]"
16,2228941,4,Sassuolo,Torino,21.88,21.5,56.62,"[0.7120000000000001, 0.242, 0.043, 0.004, 0.0, 0.0]","[0.7160000000000001, 0.24000000000000002, 0.041, 0.004, 0.0, 0.0]"
17,2228942,4,Udinese,Napoli,34.23,33.92,31.85,"[0.391, 0.36400000000000005, 0.17, 0.056, 0.013999999999999999, 0.003]","[0.387, 0.37100000000000005, 0.171, 0.053000000000000005, 0.013999999999999999, 0.002]"
18,2228944,5,Atalanta,Sassuolo,38.38,37.64,23.98,"[0.20400000000000001, 0.321, 0.262, 0.13599999999999998, 0.055, 0.017]","[0.20500000000000002, 0.327, 0.262, 0.13, 0.054, 0.017]"
19,2228945,5,Bologna,Genoa,32.53,33.18,34.28,"[0.429, 0.36400000000000005, 0.152, 0.043000000000000003, 0.01, 0.002]","[0.424, 0.36400000000000005, 0.157, 0.043000000000000003, 0.01, 0.002]"
20,2228946,5,Cagliari,Empoli,29.86,29.09,41.05,"[0.536, 0.33299999999999996, 0.106, 0.023, 0.004, 0.0]","[0.542, 0.33499999999999996, 0.102, 0.019000000000000003, 0.004, 0.0]"
21,2228947,5,Fiorentina,Inter,34.98,34.36,30.66,"[0.36000000000000004, 0.36800000000000005, 0.18800000000000003, 0.064, 0.013999999999999999, 0.002]","[0.36500000000000005, 0.36200000000000004, 0.18800000000000003, 0.06299999999999999, 0.016, 0.002]"
22,2228948,5,Milan,Venezia,32.42,33.02,34.55,"[0.442, 0.36000000000000004, 0.146, 0.041, 0.008, 0.002]","[0.432, 0.36800000000000005, 0.148, 0.042, 0.008, 0.001]"
23,2228949,5,Roma,Udinese,27.83,27.58,44.58,"[0.5880000000000001, 0.31100000000000005, 0.083, 0.015, 0.002, 0.0]","[0.5890000000000001, 0.31000000000000005, 0.085, 0.013000000000000001, 0.002, 0.0]"
24,2228950,5,Salernitana,Verona,23.04,22.76,54.2,"[0.684, 0.261, 0.049, 0.007, 0.001, 0.0]","[0.687, 0.262, 0.047, 0.005, 0.001, 0.0]"
25,2228951,5,Sampdoria,Napoli,36.0,36.39,27.61,"[0.29800000000000004, 0.363, 0.215, 0.091, 0.026000000000000002, 0.006]","[0.29700000000000004, 0.357, 0.22, 0.089, 0.028000000000000004, 0.008]"
26,2228952,5,Spezia,Juventus,32.82,32.91,34.27,"[0.435, 0.36300000000000004, 0.151, 0.039, 0.009000000000000001, 0.001]","[0.437, 0.36100000000000004, 0.148, 0.043000000000000003, 0.008, 0.001]"
27,2228953,5,Torino,Lazio,32.97,32.58,34.45,"[0.433, 0.36200000000000004, 0.153, 0.041, 0.010000000000000002, 0.001]","[0.435, 0.36400000000000005, 0.149, 0.042, 0.008, 0.002]"
28,2228954,6,Empoli,Bologna,25.71,26.91,47.37,"[0.6220000000000001, 0.29300000000000004, 0.07100000000000001, 0.013000000000000001, 0.001, 0.0]","[0.611, 0.30500000000000005, 0.07200000000000001, 0.011, 0.001, 0.0]"
29,2228955,6,Genoa,Verona,33.82,33.16,33.02,"[0.402, 0.37000000000000005, 0.165, 0.053000000000000005, 0.010000000000000002, 0.002]","[0.404, 0.36800000000000005, 0.166, 0.049, 0.013000000000000001, 0.002]"
30,2228956,6,Inter,Atalanta,34.21,34.24,31.55,"[0.38500000000000006, 0.36500000000000005, 0.17900000000000002, 0.05500000000000001, 0.012, 0.003]","[0.384, 0.36600000000000005, 0.17500000000000002, 0.057, 0.015, 0.002]"
31,2228957,6,Juventus,Sampdoria,31.5,30.89,37.6,"[0.47700000000000004, 0.35600000000000004, 0.128, 0.032, 0.006, 0.0]","[0.48600000000000004, 0.34700000000000003, 0.127, 0.032, 0.006, 0.001]"
32,2228958,6,Lazio,Roma,35.09,35.57,29.35,"[0.325, 0.36900000000000005, 0.2, 0.07700000000000001, 0.020999999999999998, 0.005]","[0.327, 0.36300000000000004, 0.20500000000000002, 0.07700000000000001, 0.020000000000000004, 0.005]"
33,2228959,6,Napoli,Cagliari,32.13,32.7,35.17,"[0.444, 0.35800000000000004, 0.149, 0.041, 0.008, 0.0]","[0.438, 0.36300000000000004, 0.148, 0.041, 0.009000000000000001, 0.001]"
34,2228960,6,Sassuolo,Salernitana,27.46,27.57,44.97,"[0.5860000000000001, 0.31400000000000006, 0.08400000000000002, 0.013999999999999999, 0.001, 0.0]","[0.587, 0.31000000000000005, 0.084, 0.016, 0.002, 0.0]"
35,2228961,6,Spezia,Milan,31.95,32.02,36.03,"[0.461, 0.36000000000000004, 0.13699999999999998, 0.033, 0.005, 0.001]","[0.458, 0.35700000000000004, 0.13999999999999999, 0.034, 0.007, 0.001]"
36,2228962,6,Udinese,Fiorentina,33.41,34.01,32.58,"[0.4, 0.36600000000000005, 0.165, 0.052000000000000005, 0.013000000000000001, 0.003]","[0.394, 0.36700000000000005, 0.171, 0.052000000000000005, 0.013000000000000001, 0.002]"
37,2228963,6,Venezia,Torino,33.48,33.61,32.91,"[0.41100000000000003, 0.36100000000000004, 0.165, 0.051000000000000004, 0.012, 0.002]","[0.404, 0.37200000000000005, 0.161, 0.052000000000000005, 0.011, 0.002]"
38,2228964,7,Atalanta,Milan,34.33,35.2,30.48,"[0.37400000000000005, 0.36500000000000005, 0.18400000000000002, 0.057999999999999996, 0.015, 0.003]","[0.36600000000000005, 0.37300000000000005, 0.17900000000000002, 0.061, 0.017, 0.003]"
39,2228965,7,Bologna,Lazio,31.6,30.86,37.54,"[0.47900000000000004, 0.353, 0.132, 0.031000000000000003, 0.005, 0.0]","[0.48600000000000004, 0.34900000000000003, 0.127, 0.032, 0.006, 0.0]"
40,2228966,7,Cagliari,Venezia,32.63,32.02,35.35,"[0.443, 0.36600000000000005, 0.144, 0.038, 0.008, 0.001]","[0.448, 0.36000000000000004, 0.144, 0.039, 0.007, 0.002]"
41,2228967,7,Fiorentina,Napoli,37.13,37.75,25.11,"[0.251, 0.338, 0.23900000000000002, 0.116, 0.04100000000000001, 0.009000000000000001]","[0.24500000000000002, 0.341, 0.24300000000000002, 0.115, 0.037000000000000005, 0.013000000000000001]"
42,2228968,7,Verona,Spezia,28.06,27.58,44.37,"[0.5770000000000001, 0.31800000000000006, 0.08700000000000001, 0.016, 0.002, 0.0]","[0.5830000000000001, 0.31600000000000006, 0.083, 0.016, 0.002, 0.0]"
43,2228969,7,Roma,Empoli,31.98,32.38,35.64,"[0.46, 0.35900000000000004, 0.136, 0.037, 0.007, 0.0]","[0.457, 0.35600000000000004, 0.141, 0.036, 0.008, 0.001]"
44,2228970,7,Salernitana,Genoa,32.6,32.84,34.56,"[0.434, 0.36600000000000005, 0.149, 0.041, 0.010000000000000002, 0.002]","[0.433, 0.36500000000000005, 0.153, 0.041, 0.008, 0.002]"
45,2228971,7,Sampdoria,Udinese,27.09,27.17,45.74,"[0.593, 0.31000000000000005, 0.08200000000000002, 0.015, 0.001, 0.0]","[0.591, 0.31400000000000006, 0.08000000000000002, 0.014000000000000002, 0.002, 0.0]"
46,2228972,7,Sassuolo,Inter,36.67,36.62,26.71,"[0.28800000000000003, 0.361, 0.22, 0.092, 0.029, 0.006]","[0.29100000000000004, 0.358, 0.222, 0.092, 0.028, 0.005]"
47,2228973,7,Torino,Juventus,35.7,36.09,28.21,"[0.31700000000000006, 0.36500000000000005, 0.21, 0.07700000000000001, 0.024, 0.005]","[0.32300000000000006, 0.35800000000000004, 0.20600000000000002, 0.082, 0.024, 0.005]"
48,2228974,8,Cagliari,Sampdoria,31.65,30.84,37.52,"[0.48400000000000004, 0.351, 0.127, 0.03, 0.006, 0.0]","[0.494, 0.34400000000000003, 0.126, 0.028, 0.006, 0.0]"
49,2228975,8,Empoli,Atalanta,35.68,35.78,28.54,"[0.327, 0.37200000000000005, 0.20000000000000004, 0.07200000000000001, 0.022, 0.004]","[0.328, 0.36400000000000005, 0.20400000000000001, 0.07400000000000001, 0.022, 0.005]"
50,2228976,8,Genoa,Sassuolo,36.98,36.92,26.1,"[0.254, 0.349, 0.24000000000000002, 0.105, 0.036, 0.008]","[0.256, 0.346, 0.23500000000000001, 0.11, 0.036000000000000004, 0.009000000000000001]"
51,2228977,8,Juventus,Roma,35.94,35.84,28.21,"[0.30700000000000005, 0.361, 0.21200000000000002, 0.086, 0.024, 0.005]","[0.30600000000000005, 0.36, 0.219, 0.08200000000000002, 0.023000000000000003, 0.005]"
52,2228978,8,Lazio,Inter,37.21,37.21,25.57,"[0.246, 0.34500000000000003, 0.24300000000000002, 0.109, 0.04000000000000001, 0.010000000000000002]","[0.24300000000000002, 0.346, 0.24500000000000002, 0.109, 0.04, 0.010000000000000002]"
53,2228979,8,Milan,Verona,35.68,34.97,29.35,"[0.34400000000000003, 0.36800000000000005, 0.19800000000000004, 0.068, 0.02, 0.004]","[0.34600000000000003, 0.36800000000000005, 0.19500000000000003, 0.07, 0.019000000000000003, 0.004]"
54,2228980,8,Napoli,Torino,33.02,34.09,32.88,"[0.41200000000000003, 0.36500000000000005, 0.162, 0.049, 0.010000000000000002, 0.002]","[0.405, 0.37000000000000005, 0.164, 0.047, 0.012, 0.002]"
55,2228981,8,Spezia,Salernitana,31.15,30.34,38.52,"[0.502, 0.35, 0.116, 0.026, 0.005, 0.0]","[0.508, 0.34199999999999997, 0.116, 0.027, 0.006, 0.0]"
56,2228982,8,Udinese,Bologna,32.87,33.54,33.6,"[0.41500000000000004, 0.36600000000000005, 0.165, 0.044000000000000004, 0.008, 0.002]","[0.40900000000000003, 0.36800000000000005, 0.163, 0.04800000000000001, 0.01, 0.002]"
57,2228983,8,Venezia,Fiorentina,33.98,34.02,32.0,"[0.397, 0.36900000000000005, 0.168, 0.051000000000000004, 0.012, 0.002]","[0.4, 0.36400000000000005, 0.169, 0.051000000000000004, 0.013000000000000001, 0.002]"
58,2228984,9,Atalanta,Udinese,33.08,32.88,34.03,"[0.417, 0.36900000000000005, 0.156, 0.044000000000000004, 0.011000000000000003, 0.002]","[0.419, 0.36500000000000005, 0.157, 0.046000000000000006, 0.01, 0.002]"
59,2228985,9,Bologna,Milan,36.8,36.67,26.53,"[0.28300000000000003, 0.356, 0.224, 0.09599999999999999, 0.031, 0.008]","[0.281, 0.36, 0.225, 0.094, 0.03, 0.008]"
60,2228986,9,Fiorentina,Cagliari,30.14,30.42,39.43,"[0.515, 0.33899999999999997, 0.115, 0.026, 0.005, 0.0]","[0.513, 0.33699999999999997, 0.12000000000000001, 0.024, 0.005, 0.001]"
61,2228987,9,Verona,Lazio,28.04,28.36,43.6,"[0.5690000000000001, 0.32199999999999995, 0.089, 0.016, 0.002, 0.0]","[0.5690000000000001, 0.322, 0.089, 0.016, 0.002, 0.0]"
62,2228988,9,Inter,Juventus,36.34,35.82,27.84,"[0.30900000000000005, 0.361, 0.213, 0.086, 0.025, 0.005]","[0.30800000000000005, 0.365, 0.208, 0.086, 0.024, 0.008]"
63,2228989,9,Roma,Napoli,37.92,37.02,25.06,"[0.23500000000000001, 0.337, 0.248, 0.121, 0.04, 0.011000000000000003]","[0.234, 0.343, 0.24400000000000002, 0.116, 0.042, 0.013]"
64,2228990,9,Salernitana,Empoli,30.31,30.65,39.03,"[0.506, 0.347, 0.114, 0.028, 0.005, 0.0]","[0.503, 0.349, 0.113, 0.029, 0.006, 0.0]"
65,2228991,9,Sampdoria,Spezia,31.2,29.51,39.28,"[0.505, 0.344, 0.116, 0.027, 0.005, 0.0]","[0.517, 0.34299999999999997, 0.109, 0.024, 0.004, 0.0]"
66,2228992,9,Sassuolo,Venezia,32.52,32.5,34.98,"[0.443, 0.36200000000000004, 0.146, 0.038, 0.008, 0.001]","[0.44, 0.36600000000000005, 0.146, 0.037000000000000005, 0.007, 0.002]"
67,2228993,9,Torino,Genoa,32.71,33.47,33.82,"[0.424, 0.36100000000000004, 0.159, 0.045, 0.01, 0.001]","[0.417, 0.36900000000000005, 0.156, 0.045000000000000005, 0.01, 0.003]"
68,2228994,10,Cagliari,Roma,34.03,34.02,31.95,"[0.386, 0.37200000000000005, 0.169, 0.057, 0.012, 0.002]","[0.388, 0.37300000000000005, 0.169, 0.054000000000000006, 0.012, 0.002]"
69,2228995,10,Empoli,Inter,37.61,36.7,25.69,"[0.254, 0.34199999999999997, 0.24100000000000002, 0.112, 0.036000000000000004, 0.008]","[0.256, 0.352, 0.234, 0.107, 0.034, 0.010000000000000002]"
70,2228996,10,Juventus,Sassuolo,37.95,37.97,24.08,"[0.198, 0.32, 0.26, 0.138, 0.056, 0.016]","[0.202, 0.32, 0.25999999999999995, 0.134, 0.055, 0.017]"
71,2228997,10,Lazio,Fiorentina,31.91,32.62,35.47,"[0.451, 0.35500000000000004, 0.144, 0.038, 0.008, 0.002]","[0.447, 0.36000000000000004, 0.148, 0.034999999999999996, 0.008, 0.0]"
72,2228998,10,Milan,Torino,34.37,34.31,31.32,"[0.37200000000000005, 0.37000000000000005, 0.18000000000000002, 0.061, 0.013999999999999999, 0.004]","[0.37700000000000006, 0.36400000000000005, 0.18200000000000002, 0.062, 0.014000000000000002, 0.002]"
73,2228999,10,Napoli,Bologna,35.78,36.06,28.16,"[0.30700000000000005, 0.367, 0.208, 0.08600000000000001, 0.024, 0.004]","[0.30500000000000005, 0.364, 0.215, 0.082, 0.024, 0.006]"
74,2229000,10,Sampdoria,Atalanta,39.51,38.77,21.73,"[0.162, 0.29200000000000004, 0.265, 0.162, 0.07100000000000001, 0.028000000000000004]","[0.167, 0.29600000000000004, 0.262, 0.157, 0.07300000000000001, 0.025]"
75,2229001,10,Spezia,Genoa,34.38,34.38,31.24,"[0.37000000000000005, 0.36800000000000005, 0.18000000000000002, 0.057999999999999996, 0.017, 0.003]","[0.37100000000000005, 0.36900000000000005, 0.18000000000000002, 0.06, 0.013999999999999999, 0.002]"
76,2229002,10,Udinese,Verona,37.05,36.39,26.55,"[0.26199999999999996, 0.354, 0.234, 0.104, 0.033, 0.008]","[0.266, 0.355, 0.23, 0.10099999999999999, 0.034, 0.009000000000000001]"
77,2229003,10,Venezia,Salernitana,32.07,32.06,35.87,"[0.459, 0.35500000000000004, 0.14300000000000002, 0.034999999999999996, 0.006, 0.0]","[0.457, 0.35800000000000004, 0.139, 0.035, 0.007, 0.002]"
78,2229004,11,Atalanta,Lazio,30.47,30.73,38.8,"[0.501, 0.346, 0.12000000000000001, 0.027, 0.004, 0.0]","[0.5, 0.34199999999999997, 0.12200000000000001, 0.029, 0.005, 0.0]"
79,2229005,11,Bologna,Cagliari,28.16,28.17,43.68,"[0.558, 0.33099999999999996, 0.09, 0.017, 0.003, 0.0]","[0.5640000000000001, 0.321, 0.096, 0.015, 0.003, 0.0]"
80,2229006,11,Fiorentina,Spezia,32.76,32.2,35.04,"[0.445, 0.36000000000000004, 0.144, 0.041, 0.006, 0.003]","[0.448, 0.36000000000000004, 0.144, 0.039, 0.008, 0.0]"
81,2229007,11,Genoa,Venezia,28.54,28.84,42.62,"[0.554, 0.32999999999999996, 0.09399999999999999, 0.020000000000000004, 0.003, 0.0]","[0.552, 0.32999999999999996, 0.09699999999999999, 0.019000000000000003, 0.003, 0.0]"
82,2229008,11,Verona,Juventus,35.83,36.07,28.1,"[0.30300000000000005, 0.362, 0.214, 0.08700000000000001, 0.026000000000000002, 0.004]","[0.30000000000000004, 0.36, 0.218, 0.08700000000000001, 0.026000000000000002, 0.005]"
83,2229009,11,Inter,Udinese,33.17,33.33,33.5,"[0.426, 0.36300000000000004, 0.156, 0.042, 0.011000000000000001, 0.002]","[0.423, 0.36600000000000005, 0.155, 0.044000000000000004, 0.01, 0.002]"
84,2229010,11,Roma,Milan,37.23,37.62,25.14,"[0.24000000000000002, 0.343, 0.24700000000000003, 0.111, 0.04000000000000001, 0.011000000000000001]","[0.24600000000000002, 0.3320000000000001, 0.24800000000000003, 0.116, 0.04, 0.010000000000000002]"
85,2229011,11,Salernitana,Napoli,36.49,36.17,27.34,"[0.28900000000000003, 0.357, 0.222, 0.091, 0.024, 0.008]","[0.29000000000000004, 0.36, 0.22, 0.088, 0.025, 0.008]"
86,2229012,11,Sassuolo,Empoli,34.16,34.44,31.39,"[0.379, 0.37000000000000005, 0.17500000000000002, 0.05800000000000001, 0.014000000000000002, 0.002]","[0.377, 0.36900000000000005, 0.17800000000000002, 0.059, 0.012, 0.003]"
87,2229013,11,Torino,Sampdoria,34.67,34.33,31.0,"[0.37700000000000006, 0.36400000000000005, 0.17800000000000002, 0.062, 0.017, 0.002]","[0.37900000000000006, 0.36600000000000005, 0.18100000000000002, 0.057, 0.014000000000000002, 0.003]"
88,2229014,12,Cagliari,Atalanta,38.93,38.71,22.36,"[0.14900000000000002, 0.29600000000000004, 0.264, 0.164, 0.07800000000000001, 0.027000000000000003]","[0.15600000000000003, 0.28900000000000003, 0.267, 0.163, 0.07600000000000001, 0.027000000000000003]"
89,2229015,12,Empoli,Genoa,33.18,33.78,33.03,"[0.401, 0.36400000000000005, 0.169, 0.052, 0.011000000000000001, 0.003]","[0.397, 0.36900000000000005, 0.166, 0.053000000000000005, 0.012, 0.003]"
90,2229016,12,Juventus,Fiorentina,29.72,29.73,40.55,"[0.525, 0.33999999999999997, 0.106, 0.022, 0.003, 0.0]","[0.525, 0.33899999999999997, 0.106, 0.023, 0.003, 0.0]"
91,2229017,12,Lazio,Salernitana,34.84,34.97,30.2,"[0.35100000000000003, 0.36700000000000005, 0.19500000000000003, 0.064, 0.018000000000000002, 0.003]","[0.35000000000000003, 0.36400000000000005, 0.19800000000000004, 0.066, 0.017, 0.003]"
92,2229018,12,Milan,Inter,38.48,37.44,24.08,"[0.227, 0.336, 0.247, 0.123, 0.045000000000000005, 0.015]","[0.232, 0.341, 0.24300000000000002, 0.11900000000000001, 0.045, 0.013000000000000001]"
93,2229019,12,Napoli,Verona,34.67,35.15,30.17,"[0.34700000000000003, 0.36800000000000005, 0.19600000000000004, 0.066, 0.018000000000000002, 0.004]","[0.343, 0.37600000000000006, 0.19400000000000003, 0.064, 0.018000000000000002, 0.004]"
94,2229020,12,Sampdoria,Bologna,34.72,35.33,29.95,"[0.35700000000000004, 0.36300000000000004, 0.194, 0.063, 0.015, 0.003]","[0.35400000000000004, 0.36700000000000005, 0.18800000000000003, 0.067, 0.016, 0.003]"
95,2229021,12,Spezia,Torino,31.41,31.35,37.23,"[0.488, 0.34700000000000003, 0.129, 0.030000000000000002, 0.006, 0.001]","[0.48900000000000005, 0.348, 0.126, 0.031, 0.006, 0.001]"
96,2229022,12,Udinese,Sassuolo,37.44,37.05,25.52,"[0.26, 0.35, 0.23600000000000002, 0.106, 0.035, 0.010000000000000002]","[0.263, 0.349, 0.23600000000000002, 0.105, 0.035, 0.009000000000000001]"
97,2229023,12,Venezia,Roma,36.29,36.68,27.03,"[0.28300000000000003, 0.363, 0.219, 0.092, 0.031, 0.007]","[0.28200000000000003, 0.36, 0.223, 0.095, 0.028999999999999998, 0.006]"
98,2229024,13,Atalanta,Spezia,31.77,30.1,38.12,"[0.48900000000000005, 0.35, 0.127, 0.028, 0.004, 0.0]","[0.502, 0.343, 0.12100000000000001, 0.027, 0.005, 0.0]"
99,2229025,13,Bologna,Venezia,27.15,27.77,45.08,"[0.5850000000000001, 0.314, 0.082, 0.016, 0.002, 0.0]","[0.5780000000000001, 0.318, 0.08600000000000001, 0.016, 0.001, 0.0]"
100,2229026,13,Fiorentina,Milan,36.74,36.59,26.66,"[0.279, 0.358, 0.227, 0.093, 0.03, 0.008]","[0.28700000000000003, 0.348, 0.224, 0.09699999999999999, 0.030999999999999996, 0.008]"
101,2229027,13,Genoa,Roma,38.27,38.57,23.16,"[0.203, 0.318, 0.257, 0.13499999999999998, 0.054, 0.018000000000000002]","[0.199, 0.323, 0.257, 0.13699999999999998, 0.051000000000000004, 0.018000000000000002]"
102,2229028,13,Verona,Empoli,34.03,33.93,32.03,"[0.38700000000000007, 0.37100000000000005, 0.17200000000000001, 0.053000000000000005, 0.013000000000000001, 0.003]","[0.385, 0.36900000000000005, 0.17600000000000002, 0.053000000000000005, 0.014000000000000002, 0.002]"
103,2229029,13,Inter,Napoli,35.8,35.32,28.88,"[0.321, 0.36300000000000004, 0.20600000000000002, 0.07900000000000001, 0.022, 0.004]","[0.324, 0.36600000000000005, 0.203, 0.07500000000000001, 0.022, 0.005]"
104,2229030,13,Lazio,Juventus,34.21,33.5,32.3,"[0.396, 0.37200000000000005, 0.169, 0.048, 0.011000000000000001, 0.002]","[0.403, 0.36700000000000005, 0.166, 0.048, 0.012, 0.002]"
105,2229031,13,Salernitana,Sampdoria,33.07,31.93,35.0,"[0.432, 0.36300000000000004, 0.155, 0.039, 0.009000000000000001, 0.002]","[0.44, 0.36500000000000005, 0.144, 0.041, 0.009000000000000001, 0.001]"
106,2229032,13,Sassuolo,Cagliari,20.88,20.92,58.2,"[0.7260000000000001, 0.232, 0.039, 0.004, 0.0, 0.0]","[0.7250000000000001, 0.233, 0.039, 0.004, 0.0, 0.0]"
107,2229033,13,Torino,Udinese,31.66,32.06,36.29,"[0.46900000000000003, 0.35000000000000003, 0.13799999999999998, 0.033999999999999996, 0.005, 0.001]","[0.46, 0.36000000000000004, 0.136, 0.033, 0.007, 0.001]"
108,2229034,14,Cagliari,Salernitana,33.16,33.02,33.83,"[0.429, 0.36400000000000005, 0.152, 0.044, 0.009000000000000001, 0.002]","[0.429, 0.36700000000000005, 0.152, 0.04, 0.010000000000000002, 0.002]"
109,2229035,14,Empoli,Fiorentina,26.46,26.88,46.66,"[0.609, 0.30200000000000005, 0.07500000000000001, 0.012, 0.002, 0.0]","[0.604, 0.30600000000000005, 0.07600000000000001, 0.012, 0.002, 0.0]"
110,2229036,14,Juventus,Atalanta,40.28,39.81,19.91,"[0.111, 0.23600000000000002, 0.25899999999999995, 0.194, 0.10300000000000001, 0.047]","[0.109, 0.24000000000000002, 0.26199999999999996, 0.189, 0.10400000000000001, 0.046]"
111,2229037,14,Milan,Sassuolo,36.42,37.15,26.43,"[0.28900000000000003, 0.361, 0.217, 0.092, 0.028999999999999998, 0.006]","[0.28700000000000003, 0.356, 0.223, 0.092, 0.029999999999999995, 0.006]"
112,2229038,14,Napoli,Lazio,33.02,33.05,33.94,"[0.427, 0.36700000000000005, 0.15, 0.044000000000000004, 0.009000000000000001, 0.001]","[0.429, 0.36100000000000004, 0.155, 0.043000000000000003, 0.009000000000000001, 0.001]"
113,2229039,14,Roma,Torino,28.9,29.34,41.75,"[0.545, 0.32799999999999996, 0.102, 0.019000000000000003, 0.004, 0.0]","[0.541, 0.33399999999999996, 0.09999999999999999, 0.020000000000000004, 0.003, 0.0]"
114,2229040,14,Sampdoria,Verona,33.72,33.35,32.93,"[0.401, 0.36600000000000005, 0.166, 0.052000000000000005, 0.013000000000000001, 0.002]","[0.401, 0.36500000000000005, 0.17, 0.051000000000000004, 0.011, 0.002]"
115,2229041,14,Spezia,Bologna,32.92,32.63,34.45,"[0.444, 0.36200000000000004, 0.146, 0.038, 0.008, 0.002]","[0.449, 0.36200000000000004, 0.142, 0.038, 0.007, 0.002]"
116,2229042,14,Udinese,Genoa,33.7,32.66,33.63,"[0.418, 0.36200000000000004, 0.164, 0.045000000000000005, 0.01, 0.002]","[0.426, 0.36300000000000004, 0.157, 0.044, 0.010000000000000002, 0.001]"
117,2229043,14,Venezia,Inter,37.59,37.66,24.75,"[0.234, 0.34500000000000003, 0.24900000000000003, 0.116, 0.039, 0.011000000000000001]","[0.23800000000000002, 0.34, 0.246, 0.115, 0.042, 0.013000000000000001]"
118,2229044,15,Atalanta,Venezia,24.5,24.54,50.97,"[0.649, 0.279, 0.061, 0.009000000000000001, 0.002, 0.0]","[0.65, 0.281, 0.06, 0.008, 0.001, 0.0]"
119,2229045,15,Bologna,Roma,39.39,38.77,21.83,"[0.159, 0.29200000000000004, 0.259, 0.166, 0.07600000000000001, 0.028000000000000004]","[0.16, 0.29700000000000004, 0.262, 0.15900000000000003, 0.07400000000000001, 0.028000000000000004]"
120,2229046,15,Fiorentina,Sampdoria,33.77,33.73,32.5,"[0.401, 0.36500000000000005, 0.171, 0.04900000000000001, 0.011, 0.002]","[0.4, 0.36700000000000005, 0.167, 0.052, 0.011, 0.002]"
121,2229047,15,Genoa,Milan,36.31,36.15,27.53,"[0.30000000000000004, 0.362, 0.213, 0.08600000000000001, 0.029, 0.007]","[0.30400000000000005, 0.35400000000000004, 0.22, 0.08700000000000001, 0.026000000000000002, 0.006]"
122,2229048,15,Verona,Cagliari,24.55,24.3,51.14,"[0.653, 0.278, 0.061000000000000006, 0.009000000000000001, 0.001, 0.0]","[0.655, 0.277, 0.059000000000000004, 0.010000000000000002, 0.001, 0.0]"
123,2229049,15,Inter,Spezia,27.08,27.54,45.38,"[0.5930000000000001, 0.31100000000000005, 0.07800000000000001, 0.014000000000000002, 0.001, 0.0]","[0.59, 0.30900000000000005, 0.082, 0.015, 0.001, 0.0]"
124,2229050,15,Lazio,Udinese,30.0,30.35,39.65,"[0.517, 0.33899999999999997, 0.11, 0.028, 0.004, 0.0]","[0.512, 0.33999999999999997, 0.115, 0.026, 0.005, 0.0]"
125,2229051,15,Salernitana,Juventus,35.32,35.69,28.99,"[0.342, 0.36200000000000004, 0.19900000000000004, 0.07, 0.02, 0.003]","[0.338, 0.36800000000000005, 0.20000000000000004, 0.069, 0.018000000000000002, 0.003]"
126,2229052,15,Sassuolo,Napoli,35.47,35.7,28.83,"[0.33, 0.36400000000000005, 0.203, 0.07700000000000001, 0.020000000000000004, 0.005]","[0.33, 0.36600000000000005, 0.201, 0.07600000000000001, 0.020000000000000004, 0.006]"
127,2229053,15,Torino,Empoli,35.39,34.98,29.63,"[0.335, 0.36700000000000005, 0.20000000000000004, 0.07300000000000001, 0.019000000000000003, 0.004]","[0.339, 0.36600000000000005, 0.20000000000000004, 0.07100000000000001, 0.018000000000000002, 0.004]"
128,2229054,16,Bologna,Fiorentina,34.36,33.86,31.79,"[0.37500000000000006, 0.36800000000000005, 0.17800000000000002, 0.059, 0.015, 0.003]","[0.38000000000000006, 0.36600000000000005, 0.17400000000000002, 0.061, 0.015, 0.002]"
129,2229055,16,Cagliari,Torino,30.96,30.0,39.03,"[0.49900000000000005, 0.341, 0.125, 0.029, 0.005, 0.0]","[0.502, 0.34400000000000003, 0.12100000000000001, 0.028, 0.003, 0.001]"
130,2229056,16,Empoli,Udinese,32.91,32.81,34.28,"[0.426, 0.36100000000000004, 0.156, 0.043000000000000003, 0.008, 0.001]","[0.424, 0.36500000000000005, 0.153, 0.044000000000000004, 0.008, 0.001]"
131,2229057,16,Juventus,Genoa,28.7,28.72,42.59,"[0.551, 0.33099999999999996, 0.09499999999999999, 0.019000000000000003, 0.004, 0.0]","[0.554, 0.32499999999999996, 0.09999999999999999, 0.018000000000000002, 0.003, 0.0]"
132,2229058,16,Milan,Salernitana,29.27,28.72,42.02,"[0.546, 0.32999999999999996, 0.09999999999999999, 0.019999999999999997, 0.003, 0.0]","[0.552, 0.32899999999999996, 0.09499999999999999, 0.020999999999999998, 0.002, 0.0]"
133,2229059,16,Napoli,Atalanta,37.96,37.16,24.88,"[0.23800000000000002, 0.347, 0.24400000000000002, 0.114, 0.03900000000000001, 0.011]","[0.249, 0.339, 0.23800000000000002, 0.112, 0.044, 0.011]"
134,2229060,16,Roma,Inter,38.32,38.95,22.73,"[0.18000000000000002, 0.306, 0.264, 0.149, 0.063, 0.022]","[0.17700000000000002, 0.305, 0.258, 0.154, 0.065, 0.025]"
135,2229061,16,Sampdoria,Lazio,30.84,31.34,37.83,"[0.48500000000000004, 0.354, 0.12300000000000001, 0.029, 0.005, 0.0]","[0.487, 0.34600000000000003, 0.127, 0.031000000000000003, 0.005, 0.0]"
136,2229062,16,Spezia,Sassuolo,32.46,32.44,35.1,"[0.441, 0.36300000000000004, 0.143, 0.04, 0.007, 0.001]","[0.443, 0.35500000000000004, 0.152, 0.037, 0.008, 0.0]"
137,2229063,16,Venezia,Verona,31.57,31.91,36.52,"[0.47400000000000003, 0.35400000000000004, 0.133, 0.031, 0.006, 0.001]","[0.47200000000000003, 0.35200000000000004, 0.135, 0.033, 0.007, 0.0]"
138,2229064,17,Fiorentina,Salernitana,19.99,20.12,59.88,"[0.7440000000000001, 0.21800000000000003, 0.035, 0.004, 0.0, 0.0]","[0.7410000000000001, 0.22200000000000003, 0.034, 0.004, 0.0, 0.0]"
139,2229065,17,Genoa,Sampdoria,29.83,30.91,39.27,"[0.512, 0.34, 0.116, 0.027, 0.005, 0.0]","[0.504, 0.347, 0.117, 0.026, 0.006, 0.0]"
140,2229066,17,Verona,Atalanta,37.0,36.98,26.02,"[0.256, 0.347, 0.24100000000000002, 0.105, 0.035, 0.010000000000000002]","[0.257, 0.35, 0.23600000000000002, 0.108, 0.034, 0.009000000000000001]"
141,2229067,17,Inter,Cagliari,28.1,27.66,44.24,"[0.5760000000000001, 0.32000000000000006, 0.08700000000000001, 0.016, 0.001, 0.0]","[0.5800000000000001, 0.31700000000000006, 0.085, 0.015, 0.003, 0.0]"
142,2229068,17,Napoli,Empoli,32.72,33.68,33.6,"[0.429, 0.36100000000000004, 0.155, 0.045000000000000005, 0.009000000000000001, 0.001]","[0.419, 0.36600000000000005, 0.156, 0.046000000000000006, 0.011000000000000003, 0.002]"
143,2229069,17,Roma,Spezia,22.81,21.7,55.48,"[0.6950000000000001, 0.255, 0.044, 0.006, 0.0, 0.0]","[0.7030000000000001, 0.24900000000000003, 0.043000000000000003, 0.005, 0.0, 0.0]"
144,2229070,17,Sassuolo,Lazio,30.78,31.55,37.68,"[0.491, 0.34700000000000003, 0.124, 0.030000000000000002, 0.005, 0.0]","[0.48300000000000004, 0.356, 0.122, 0.030000000000000002, 0.006, 0.0]"
145,2229071,17,Torino,Bologna,34.62,34.1,31.29,"[0.37500000000000006, 0.36700000000000005, 0.18000000000000002, 0.057999999999999996, 0.015, 0.004]","[0.38200000000000006, 0.36600000000000005, 0.17600000000000002, 0.057999999999999996, 0.013999999999999999, 0.003]"
146,2229072,17,Udinese,Milan,34.97,34.98,30.05,"[0.34700000000000003, 0.37000000000000005, 0.18900000000000003, 0.068, 0.02, 0.003]","[0.34600000000000003, 0.36600000000000005, 0.19200000000000003, 0.07100000000000001, 0.017, 0.005]"
147,2229073,17,Venezia,Juventus,37.3,37.22,25.49,"[0.251, 0.33999999999999997, 0.24100000000000002, 0.108, 0.04, 0.013999999999999999]","[0.251, 0.34299999999999997, 0.23700000000000002, 0.113, 0.04100000000000001, 0.009000000000000001]"
148,2229074,18,Atalanta,Roma,37.51,38.25,24.24,"[0.217, 0.326, 0.253, 0.127, 0.049, 0.017]","[0.21500000000000002, 0.323, 0.259, 0.128, 0.049, 0.015]"
149,2229075,18,Bologna,Juventus,38.24,36.8,24.96,"[0.23, 0.338, 0.25, 0.11800000000000001, 0.044000000000000004, 0.013000000000000001]","[0.24100000000000002, 0.334, 0.24500000000000002, 0.116, 0.044, 0.013000000000000001]"
150,2229076,18,Cagliari,Udinese,36.45,36.33,27.22,"[0.28200000000000003, 0.356, 0.226, 0.094, 0.03, 0.007]","[0.28200000000000003, 0.359, 0.221, 0.09799999999999999, 0.029, 0.006]"
151,2229077,18,Fiorentina,Sassuolo,33.62,33.04,33.34,"[0.40700000000000003, 0.36300000000000004, 0.164, 0.051000000000000004, 0.012, 0.002]","[0.41100000000000003, 0.36800000000000005, 0.157, 0.051000000000000004, 0.01, 0.002]"
152,2229078,18,Lazio,Genoa,25.85,25.96,48.19,"[0.623, 0.29500000000000004, 0.069, 0.010000000000000002, 0.001, 0.0]","[0.6220000000000001, 0.29500000000000004, 0.07, 0.010000000000000002, 0.001, 0.0]"
153,2229079,18,Milan,Napoli,35.33,35.86,28.82,"[0.327, 0.36500000000000005, 0.202, 0.07800000000000001, 0.022, 0.005]","[0.322, 0.36600000000000005, 0.21, 0.07600000000000001, 0.020000000000000004, 0.005]"
154,2229080,18,Salernitana,Inter,38.37,37.71,23.91,"[0.19400000000000003, 0.325, 0.257, 0.13599999999999998, 0.056, 0.02]","[0.201, 0.319, 0.253, 0.143, 0.054, 0.018000000000000002]"
155,2229081,18,Sampdoria,Venezia,24.7,25.2,50.1,"[0.646, 0.28400000000000003, 0.057999999999999996, 0.009000000000000001, 0.001, 0.0]","[0.641, 0.28500000000000003, 0.062, 0.009000000000000001, 0.001, 0.0]"
156,2229082,18,Spezia,Empoli,31.59,31.23,37.19,"[0.47300000000000003, 0.35700000000000004, 0.13, 0.032, 0.005, 0.001]","[0.47500000000000003, 0.35900000000000004, 0.128, 0.031000000000000003, 0.005, 0.0]"
157,2229083,18,Torino,Verona,34.1,34.35,31.55,"[0.38100000000000006, 0.36600000000000005, 0.18000000000000002, 0.055999999999999994, 0.014000000000000002, 0.002]","[0.38100000000000006, 0.36500000000000005, 0.17700000000000002, 0.061, 0.012, 0.003]"
158,2229084,19,Empoli,Milan,35.09,34.86,30.05,"[0.34, 0.36400000000000005, 0.20200000000000004, 0.069, 0.019000000000000003, 0.004]","[0.342, 0.37100000000000005, 0.19300000000000003, 0.07, 0.019000000000000003, 0.003]"
159,2229085,19,Genoa,Atalanta,32.49,32.23,35.28,"[0.445, 0.35800000000000004, 0.146, 0.042, 0.008, 0.001]","[0.442, 0.36800000000000005, 0.14200000000000002, 0.04, 0.007, 0.001]"
160,2229086,19,Verona,Fiorentina,34.77,35.63,29.59,"[0.34700000000000003, 0.37100000000000005, 0.19000000000000003, 0.067, 0.017, 0.004]","[0.342, 0.36700000000000005, 0.20000000000000004, 0.067, 0.017, 0.003]"
161,2229087,19,Inter,Torino,32.17,32.48,35.35,"[0.448, 0.36000000000000004, 0.144, 0.038, 0.008, 0.001]","[0.448, 0.36000000000000004, 0.144, 0.038, 0.008, 0.001]"
162,2229088,19,Juventus,Cagliari,26.54,26.96,46.51,"[0.603, 0.30700000000000005, 0.07600000000000001, 0.012, 0.002, 0.0]","[0.602, 0.30200000000000005, 0.082, 0.013000000000000001, 0.001, 0.0]"
163,2229089,19,Napoli,Spezia,26.89,26.15,46.96,"[0.6070000000000001, 0.30000000000000004, 0.07600000000000001, 0.012, 0.001, 0.0]","[0.613, 0.29900000000000004, 0.07300000000000001, 0.01, 0.001, 0.0]"
164,2229090,19,Roma,Sampdoria,32.75,33.06,34.19,"[0.428, 0.36300000000000004, 0.152, 0.045000000000000005, 0.009000000000000001, 0.002]","[0.425, 0.36500000000000005, 0.152, 0.047, 0.009000000000000001, 0.001]"
165,2229091,19,Sassuolo,Bologna,35.14,34.65,30.21,"[0.333, 0.36700000000000005, 0.201, 0.07400000000000001, 0.018000000000000002, 0.004]","[0.332, 0.37400000000000005, 0.193, 0.07300000000000001, 0.020000000000000004, 0.005]"
166,2229092,19,Udinese,Salernitana,23.12,23.18,53.7,"[0.6849999999999999, 0.258, 0.051000000000000004, 0.006, 0.0, 0.0]","[0.6859999999999999, 0.257, 0.05, 0.007, 0.0, 0.0]"
167,2229093,19,Venezia,Lazio,28.53,28.98,42.49,"[0.559, 0.32199999999999995, 0.09499999999999999, 0.018000000000000002, 0.003, 0.0]","[0.554, 0.32599999999999996, 0.09599999999999999, 0.019000000000000003, 0.002, 0.0]"
168,2229094,20,Atalanta,Torino,32.02,32.07,35.91,"[0.45, 0.36200000000000004, 0.14100000000000001, 0.037000000000000005, 0.006, 0.0]","[0.453, 0.35700000000000004, 0.13999999999999999, 0.038, 0.007, 0.001]"
169,2229098,20,Lazio,Empoli,32.38,31.61,36.0,"[0.455, 0.36400000000000005, 0.136, 0.034, 0.007, 0.001]","[0.465, 0.35700000000000004, 0.134, 0.034, 0.007, 0.0]"
170,2229095,20,Bologna,Inter,39.15,39.75,21.11,"[0.15300000000000002, 0.273, 0.268, 0.169, 0.083, 0.031]","[0.14900000000000002, 0.278, 0.267, 0.169, 0.08200000000000002, 0.032]"
171,2229096,20,Fiorentina,Udinese,33.86,35.39,30.75,"[0.37600000000000006, 0.36500000000000005, 0.17700000000000002, 0.062, 0.016, 0.003]","[0.36500000000000005, 0.36800000000000005, 0.18900000000000003, 0.059, 0.015, 0.003]"
172,2229097,20,Juventus,Napoli,32.97,32.73,34.3,"[0.427, 0.36300000000000004, 0.158, 0.042, 0.009000000000000001, 0.001]","[0.428, 0.36200000000000004, 0.154, 0.044000000000000004, 0.01, 0.002]"
173,2229099,20,Milan,Roma,35.2,34.88,29.92,"[0.34800000000000003, 0.36500000000000005, 0.19400000000000003, 0.07200000000000001, 0.016, 0.003]","[0.34700000000000003, 0.37000000000000005, 0.19400000000000003, 0.067, 0.017, 0.003]"
174,2229100,20,Salernitana,Venezia,28.93,28.37,42.7,"[0.551, 0.32599999999999996, 0.09899999999999999, 0.021000000000000005, 0.003, 0.0]","[0.559, 0.32199999999999995, 0.09599999999999999, 0.020999999999999998, 0.002, 0.0]"
175,2229101,20,Sampdoria,Cagliari,25.12,26.24,48.64,"[0.6330000000000001, 0.28700000000000003, 0.069, 0.010000000000000002, 0.002, 0.0]","[0.6230000000000001, 0.29400000000000004, 0.07100000000000001, 0.012, 0.001, 0.0]"
176,2229102,20,Sassuolo,Genoa,20.79,20.84,58.38,"[0.7290000000000001, 0.231, 0.036000000000000004, 0.004, 0.0, 0.0]","[0.7280000000000001, 0.23, 0.038000000000000006, 0.004, 0.0, 0.0]"
177,2229103,20,Spezia,Verona,31.37,31.75,36.88,"[0.47900000000000004, 0.34600000000000003, 0.134, 0.034, 0.005, 0.001]","[0.47300000000000003, 0.35400000000000004, 0.134, 0.033, 0.005, 0.0]"
178,2229104,21,Cagliari,Bologna,34.76,36.4,28.84,"[0.343, 0.36300000000000004, 0.19500000000000003, 0.07300000000000001, 0.018000000000000002, 0.004]","[0.332, 0.36600000000000005, 0.20500000000000002, 0.07100000000000001, 0.018000000000000002, 0.004]"
179,2229105,21,Empoli,Sassuolo,33.72,35.34,30.95,"[0.38500000000000006, 0.36200000000000004, 0.17900000000000002, 0.057, 0.013999999999999999, 0.002]","[0.36800000000000005, 0.36800000000000005, 0.18600000000000003, 0.06, 0.014000000000000002, 0.003]"
180,2229106,21,Genoa,Spezia,23.36,23.33,53.32,"[0.683, 0.263, 0.049, 0.006, 0.0, 0.0]","[0.682, 0.259, 0.053, 0.006, 0.001, 0.0]"
181,2229107,21,Verona,Salernitana,26.57,26.71,46.72,"[0.6040000000000001, 0.30500000000000005, 0.07500000000000001, 0.013000000000000001, 0.002, 0.0]","[0.6000000000000001, 0.30700000000000005, 0.07600000000000001, 0.013999999999999999, 0.002, 0.0]"
182,2229108,21,Inter,Lazio,31.65,31.05,37.3,"[0.47700000000000004, 0.357, 0.129, 0.030000000000000002, 0.006, 0.001]","[0.48000000000000004, 0.35600000000000004, 0.13, 0.028, 0.006, 0.0]"
183,2229109,21,Napoli,Sampdoria,34.2,34.77,31.04,"[0.37800000000000006, 0.36500000000000005, 0.17700000000000002, 0.061, 0.013999999999999999, 0.002]","[0.37300000000000005, 0.36900000000000005, 0.18000000000000002, 0.059000000000000004, 0.013000000000000001, 0.003]"
184,2229110,21,Roma,Juventus,36.3,37.12,26.58,"[0.29000000000000004, 0.354, 0.223, 0.094, 0.029, 0.006]","[0.28800000000000003, 0.35, 0.229, 0.09299999999999999, 0.029, 0.007]"
185,2229111,21,Torino,Fiorentina,35.48,36.88,27.64,"[0.30700000000000005, 0.359, 0.216, 0.08199999999999999, 0.026000000000000002, 0.006]","[0.29500000000000004, 0.362, 0.219, 0.088, 0.027000000000000003, 0.005]"
186,2229112,21,Udinese,Atalanta,35.9,35.91,28.19,"[0.31000000000000005, 0.363, 0.21300000000000002, 0.083, 0.024, 0.005]","[0.30800000000000005, 0.367, 0.208, 0.084, 0.025, 0.006]"
187,2229113,21,Venezia,Milan,34.57,34.54,30.89,"[0.37900000000000006, 0.36700000000000005, 0.17600000000000002, 0.057, 0.015, 0.003]","[0.37800000000000006, 0.36300000000000004, 0.18200000000000002, 0.058, 0.013000000000000001, 0.003]"
188,2229114,22,Atalanta,Inter,39.62,39.37,21.01,"[0.14800000000000002, 0.28400000000000003, 0.27, 0.16100000000000003, 0.08100000000000002, 0.03]","[0.15200000000000002, 0.28200000000000003, 0.266, 0.16300000000000003, 0.082, 0.028999999999999998]"
189,2229115,22,Bologna,Napoli,31.95,31.87,36.18,"[0.465, 0.36000000000000004, 0.132, 0.033, 0.006, 0.001]","[0.468, 0.34900000000000003, 0.137, 0.035, 0.007, 0.001]"
190,2229116,22,Fiorentina,Genoa,18.75,18.62,62.63,"[0.764, 0.20800000000000002, 0.026000000000000002, 0.002, 0.0, 0.0]","[0.765, 0.20400000000000001, 0.028999999999999998, 0.002, 0.0, 0.0]"
191,2229117,22,Juventus,Udinese,35.49,35.77,28.74,"[0.32100000000000006, 0.36300000000000004, 0.20400000000000001, 0.07900000000000001, 0.023, 0.006]","[0.31500000000000006, 0.36000000000000004, 0.213, 0.08000000000000002, 0.023, 0.005]"
192,2229118,22,Milan,Spezia,30.71,30.94,38.34,"[0.49100000000000005, 0.35000000000000003, 0.12300000000000001, 0.029, 0.004, 0.0]","[0.48800000000000004, 0.35000000000000003, 0.12200000000000001, 0.031, 0.006, 0.0]"
193,2229119,22,Roma,Cagliari,30.55,29.83,39.62,"[0.511, 0.34199999999999997, 0.116, 0.026, 0.005, 0.0]","[0.52, 0.33799999999999997, 0.114, 0.023, 0.005, 0.0]"
194,2229120,22,Salernitana,Lazio,32.12,31.14,36.73,"[0.47100000000000003, 0.358, 0.131, 0.032, 0.007, 0.0]","[0.48100000000000004, 0.35100000000000003, 0.128, 0.032, 0.006, 0.001]"
195,2229121,22,Sampdoria,Torino,33.66,33.44,32.9,"[0.399, 0.36900000000000005, 0.169, 0.051000000000000004, 0.01, 0.002]","[0.4, 0.37000000000000005, 0.167, 0.049, 0.011, 0.003]"
196,2229122,22,Sassuolo,Verona,33.88,33.66,32.46,"[0.398, 0.36600000000000005, 0.169, 0.051000000000000004, 0.013999999999999999, 0.002]","[0.399, 0.36400000000000005, 0.169, 0.053000000000000005, 0.013000000000000001, 0.002]"
197,2229123,22,Venezia,Empoli,33.69,34.19,32.12,"[0.394, 0.36800000000000005, 0.168, 0.053000000000000005, 0.013000000000000001, 0.003]","[0.392, 0.36600000000000005, 0.17300000000000001, 0.055, 0.011, 0.002]"
198,2229124,23,Cagliari,Fiorentina,30.7,31.46,37.84,"[0.493, 0.35000000000000003, 0.12000000000000001, 0.031, 0.007, 0.0]","[0.48700000000000004, 0.353, 0.127, 0.028, 0.006, 0.0]"
199,2229125,23,Empoli,Roma,30.48,30.61,38.91,"[0.505, 0.349, 0.113, 0.028, 0.005, 0.0]","[0.504, 0.346, 0.11900000000000001, 0.026, 0.005, 0.0]"
200,2229126,23,Genoa,Udinese,32.73,32.3,34.97,"[0.441, 0.36000000000000004, 0.151, 0.039, 0.007, 0.002]","[0.441, 0.36500000000000005, 0.148, 0.036, 0.009000000000000001, 0.001]"
201,2229127,23,Verona,Bologna,31.05,31.14,37.8,"[0.495, 0.34500000000000003, 0.126, 0.028, 0.006, 0.001]","[0.49200000000000005, 0.35, 0.12400000000000001, 0.030000000000000002, 0.005, 0.0]"
202,2229128,23,Inter,Venezia,30.8,31.81,37.38,"[0.48600000000000004, 0.34800000000000003, 0.131, 0.029, 0.005, 0.0]","[0.47500000000000003, 0.35400000000000004, 0.13, 0.033, 0.007, 0.0]"
203,2229129,23,Lazio,Atalanta,37.69,37.61,24.7,"[0.22, 0.336, 0.24700000000000003, 0.12300000000000001, 0.047, 0.015]","[0.223, 0.331, 0.25, 0.12400000000000001, 0.046, 0.013999999999999999]"
204,2229130,23,Milan,Juventus,35.02,34.19,30.79,"[0.35400000000000004, 0.36300000000000004, 0.19500000000000003, 0.067, 0.016, 0.004]","[0.35400000000000004, 0.36700000000000005, 0.19500000000000003, 0.06299999999999999, 0.017, 0.003]"
205,2229131,23,Napoli,Salernitana,30.42,30.68,38.9,"[0.498, 0.34800000000000003, 0.12000000000000001, 0.027, 0.005, 0.0]","[0.49500000000000005, 0.347, 0.122, 0.028, 0.005, 0.001]"
206,2229132,23,Spezia,Sampdoria,32.67,33.05,34.28,"[0.427, 0.36200000000000004, 0.154, 0.044000000000000004, 0.009000000000000001, 0.002]","[0.425, 0.36500000000000005, 0.153, 0.044000000000000004, 0.010000000000000002, 0.001]"
207,2229133,23,Torino,Sassuolo,37.64,36.86,25.5,"[0.24400000000000002, 0.34600000000000003, 0.242, 0.111, 0.04100000000000001, 0.013000000000000001]","[0.24800000000000003, 0.34900000000000003, 0.24000000000000002, 0.109, 0.03900000000000001, 0.012]"
208,2229134,24,Atalanta,Cagliari,31.72,30.94,37.34,"[0.47100000000000003, 0.35700000000000004, 0.133, 0.032, 0.006, 0.001]","[0.48200000000000004, 0.35000000000000003, 0.131, 0.031, 0.005, 0.001]"
209,2229135,24,Bologna,Empoli,35.49,35.75,28.75,"[0.329, 0.36800000000000005, 0.2, 0.07500000000000001, 0.020999999999999998, 0.003]","[0.33, 0.36500000000000005, 0.20200000000000004, 0.07600000000000001, 0.019000000000000003, 0.004]"
210,2229136,24,Fiorentina,Lazio,35.64,36.12,28.23,"[0.31800000000000006, 0.366, 0.20400000000000001, 0.082, 0.024, 0.005]","[0.31400000000000006, 0.367, 0.21300000000000002, 0.07800000000000001, 0.022, 0.005]"
211,2229137,24,Inter,Milan,37.6,37.28,25.11,"[0.243, 0.343, 0.24200000000000002, 0.113, 0.041, 0.012]","[0.24300000000000002, 0.347, 0.24100000000000002, 0.113, 0.04000000000000001, 0.010000000000000002]"
212,2229138,24,Juventus,Verona,35.98,36.21,27.81,"[0.30800000000000005, 0.355, 0.21500000000000002, 0.086, 0.028000000000000004, 0.008]","[0.30000000000000004, 0.36, 0.22, 0.087, 0.027000000000000003, 0.006]"
213,2229139,24,Roma,Genoa,17.28,17.02,65.7,"[0.789, 0.187, 0.022000000000000002, 0.003, 0.0, 0.0]","[0.792, 0.185, 0.022000000000000002, 0.002, 0.0, 0.0]"
214,2229140,24,Salernitana,Spezia,32.54,32.88,34.58,"[0.436, 0.36200000000000004, 0.152, 0.042, 0.007, 0.001]","[0.432, 0.36300000000000004, 0.154, 0.041, 0.009000000000000001, 0.001]"
215,2229141,24,Sampdoria,Sassuolo,36.15,35.56,28.29,"[0.31900000000000006, 0.365, 0.20900000000000002, 0.07700000000000001, 0.022, 0.006]","[0.327, 0.36100000000000004, 0.201, 0.081, 0.022, 0.006]"
216,2229142,24,Udinese,Torino,33.07,33.95,32.98,"[0.403, 0.37200000000000005, 0.16, 0.049, 0.013000000000000001, 0.002]","[0.395, 0.37000000000000005, 0.17200000000000001, 0.048, 0.012, 0.002]"
217,2229143,24,Venezia,Napoli,34.89,34.52,30.59,"[0.37200000000000005, 0.36800000000000005, 0.18000000000000002, 0.06, 0.015, 0.003]","[0.37300000000000005, 0.36800000000000005, 0.18200000000000002, 0.057999999999999996, 0.015, 0.002]"
218,2229144,25,Atalanta,Juventus,32.47,32.16,35.37,"[0.449, 0.36100000000000004, 0.14, 0.04, 0.007, 0.001]","[0.451, 0.35300000000000004, 0.147, 0.038, 0.007, 0.002]"
219,2229145,25,Empoli,Cagliari,32.77,32.77,34.47,"[0.437, 0.35400000000000004, 0.157, 0.042, 0.008, 0.0]","[0.434, 0.36600000000000005, 0.147, 0.04, 0.009000000000000001, 0.002]"
220,2229146,25,Genoa,Salernitana,28.63,28.72,42.65,"[0.552, 0.32799999999999996, 0.09699999999999999, 0.019999999999999997, 0.003, 0.0]","[0.552, 0.32899999999999996, 0.09599999999999999, 0.02, 0.003, 0.0]"
221,2229147,25,Verona,Udinese,31.46,30.99,37.55,"[0.488, 0.35, 0.126, 0.028, 0.005, 0.0]","[0.494, 0.346, 0.12200000000000001, 0.030000000000000002, 0.005, 0.0]"
222,2229148,25,Lazio,Bologna,29.84,29.92,40.24,"[0.524, 0.33999999999999997, 0.106, 0.022, 0.004, 0.0]","[0.523, 0.33999999999999997, 0.109, 0.020999999999999998, 0.003, 0.0]"
223,2229149,25,Milan,Sampdoria,29.49,30.21,40.29,"[0.531, 0.33399999999999996, 0.107, 0.022, 0.004, 0.001]","[0.525, 0.33599999999999997, 0.112, 0.023, 0.003, 0.0]"
224,2229150,25,Napoli,Inter,39.46,37.94,22.6,"[0.171, 0.299, 0.266, 0.154, 0.07, 0.024000000000000004]","[0.18000000000000002, 0.307, 0.258, 0.149, 0.065, 0.025]"
225,2229151,25,Sassuolo,Roma,34.94,35.43,29.63,"[0.337, 0.36300000000000004, 0.203, 0.07, 0.018000000000000002, 0.004]","[0.334, 0.36300000000000004, 0.20300000000000004, 0.07300000000000001, 0.018000000000000002, 0.004]"
226,2229152,25,Spezia,Fiorentina,34.83,34.13,31.05,"[0.37800000000000006, 0.36900000000000005, 0.17800000000000002, 0.059, 0.013, 0.003]","[0.382, 0.36900000000000005, 0.17800000000000002, 0.054000000000000006, 0.015, 0.002]"
227,2229153,25,Torino,Venezia,29.18,30.0,40.82,"[0.538, 0.32799999999999996, 0.103, 0.024999999999999998, 0.003, 0.0]","[0.528, 0.33999999999999997, 0.104, 0.022, 0.003, 0.0]"
228,2229154,26,Bologna,Spezia,34.58,34.5,30.93,"[0.37200000000000005, 0.37100000000000005, 0.17800000000000002, 0.059, 0.015, 0.002]","[0.37400000000000005, 0.37100000000000005, 0.17700000000000002, 0.059000000000000004, 0.013000000000000001, 0.003]"
229,2229155,26,Cagliari,Napoli,36.88,36.54,26.58,"[0.263, 0.351, 0.23700000000000002, 0.103, 0.031999999999999994, 0.010000000000000002]","[0.265, 0.352, 0.23500000000000001, 0.102, 0.033, 0.009000000000000001]"
230,2229156,26,Fiorentina,Atalanta,37.52,36.69,25.8,"[0.251, 0.348, 0.241, 0.107, 0.037000000000000005, 0.010000000000000002]","[0.254, 0.349, 0.23800000000000002, 0.106, 0.038000000000000006, 0.009000000000000001]"
231,2229157,26,Inter,Sassuolo,37.08,35.52,27.4,"[0.28600000000000003, 0.356, 0.226, 0.094, 0.028, 0.007]","[0.29600000000000004, 0.356, 0.22, 0.091, 0.028, 0.006]"
232,2229158,26,Juventus,Torino,33.18,32.78,34.03,"[0.43, 0.36300000000000004, 0.153, 0.045000000000000005, 0.008, 0.002]","[0.432, 0.36400000000000005, 0.152, 0.043000000000000003, 0.009000000000000001, 0.001]"
233,2229159,26,Roma,Verona,36.45,36.99,26.55,"[0.28, 0.356, 0.226, 0.09899999999999999, 0.029999999999999995, 0.008]","[0.273, 0.356, 0.231, 0.09999999999999999, 0.031999999999999994, 0.007]"
234,2229160,26,Salernitana,Milan,37.2,36.78,26.03,"[0.268, 0.352, 0.228, 0.104, 0.033, 0.009000000000000001]","[0.267, 0.354, 0.23, 0.09999999999999999, 0.034, 0.009000000000000001]"
235,2229161,26,Sampdoria,Empoli,36.12,36.09,27.79,"[0.30900000000000005, 0.358, 0.216, 0.08200000000000002, 0.027000000000000003, 0.005]","[0.30800000000000005, 0.35800000000000004, 0.215, 0.08600000000000001, 0.024, 0.006]"
236,2229162,26,Udinese,Lazio,36.95,37.64,25.42,"[0.261, 0.352, 0.23500000000000001, 0.102, 0.037000000000000005, 0.011000000000000003]","[0.259, 0.345, 0.24000000000000002, 0.108, 0.038000000000000006, 0.008]"
237,2229163,26,Venezia,Genoa,17.91,17.79,64.3,"[0.774, 0.199, 0.026000000000000002, 0.001, 0.0, 0.0]","[0.777, 0.193, 0.028000000000000004, 0.002, 0.0, 0.0]"
238,2229164,27,Atalanta,Sampdoria,19.65,19.18,61.17,"[0.749, 0.21600000000000003, 0.03, 0.003, 0.0, 0.0]","[0.752, 0.21300000000000002, 0.03, 0.003, 0.0, 0.0]"
239,2229165,27,Empoli,Juventus,32.57,32.11,35.32,"[0.441, 0.36000000000000004, 0.149, 0.04, 0.008, 0.001]","[0.445, 0.36000000000000004, 0.148, 0.038, 0.007, 0.001]"
240,2229166,27,Genoa,Inter,35.55,36.24,28.21,"[0.30400000000000005, 0.368, 0.214, 0.08000000000000002, 0.026000000000000002, 0.005]","[0.30400000000000005, 0.36600000000000005, 0.21700000000000003, 0.083, 0.022, 0.005]"
241,2229167,27,Verona,Venezia,25.87,26.12,48.0,"[0.6250000000000001, 0.29500000000000004, 0.068, 0.011, 0.001, 0.0]","[0.623, 0.29600000000000004, 0.07, 0.010000000000000002, 0.001, 0.0]"
242,2229168,27,Lazio,Napoli,37.23,37.42,25.35,"[0.264, 0.347, 0.23700000000000002, 0.104, 0.035, 0.008]","[0.267, 0.348, 0.232, 0.103, 0.034, 0.011000000000000003]"
243,2229169,27,Milan,Udinese,25.89,27.93,46.19,"[0.614, 0.29600000000000004, 0.07400000000000001, 0.012, 0.001, 0.0]","[0.5940000000000001, 0.31200000000000006, 0.07700000000000001, 0.013000000000000001, 0.001, 0.0]"
244,2229170,27,Salernitana,Bologna,28.63,28.84,42.53,"[0.551, 0.33199999999999996, 0.09499999999999999, 0.018000000000000002, 0.003, 0.0]","[0.549, 0.33099999999999996, 0.09599999999999999, 0.020000000000000004, 0.003, 0.0]"
245,2229171,27,Sassuolo,Fiorentina,36.34,35.3,28.37,"[0.32600000000000007, 0.35800000000000004, 0.20900000000000002, 0.07800000000000001, 0.020000000000000004, 0.006]","[0.331, 0.36000000000000004, 0.203, 0.07700000000000001, 0.020999999999999998, 0.005]"
246,2229172,27,Spezia,Roma,36.12,36.21,27.68,"[0.31600000000000006, 0.36, 0.20900000000000002, 0.084, 0.024, 0.006]","[0.31200000000000006, 0.362, 0.213, 0.08300000000000002, 0.023, 0.006]"
247,2229173,27,Torino,Cagliari,31.8,30.89,37.31,"[0.47000000000000003, 0.35500000000000004, 0.132, 0.033, 0.008, 0.0]","[0.47800000000000004, 0.35300000000000004, 0.129, 0.032, 0.006, 0.0]"
248,2229174,28,Bologna,Torino,30.65,29.48,39.87,"[0.514, 0.346, 0.111, 0.024, 0.004, 0.0]","[0.527, 0.33599999999999997, 0.107, 0.024, 0.005, 0.0]"
249,2229175,28,Cagliari,Lazio,36.97,37.67,25.36,"[0.24600000000000002, 0.34700000000000003, 0.24600000000000002, 0.11, 0.03900000000000001, 0.01]","[0.24500000000000002, 0.34400000000000003, 0.24100000000000002, 0.117, 0.04, 0.011000000000000003]"
250,2229176,28,Fiorentina,Verona,35.8,35.09,29.12,"[0.334, 0.37000000000000005, 0.19500000000000003, 0.07300000000000001, 0.020999999999999998, 0.005]","[0.339, 0.36500000000000005, 0.19900000000000004, 0.07100000000000001, 0.019, 0.005]"
251,2229177,28,Genoa,Empoli,35.17,34.79,30.04,"[0.34700000000000003, 0.36300000000000004, 0.19900000000000004, 0.07, 0.017, 0.004]","[0.34600000000000003, 0.36600000000000005, 0.19600000000000004, 0.07, 0.018000000000000002, 0.004]"
252,2229178,28,Inter,Salernitana,29.33,28.46,42.22,"[0.547, 0.33499999999999996, 0.09399999999999999, 0.019000000000000003, 0.002, 0.0]","[0.555, 0.32799999999999996, 0.09399999999999999, 0.017, 0.003, 0.0]"
253,2229179,28,Juventus,Spezia,30.89,30.91,38.2,"[0.502, 0.346, 0.117, 0.029, 0.005, 0.001]","[0.5, 0.347, 0.12100000000000001, 0.028, 0.004, 0.0]"
254,2229180,28,Napoli,Milan,36.27,37.82,25.91,"[0.272, 0.348, 0.226, 0.102, 0.036000000000000004, 0.010000000000000002]","[0.26099999999999995, 0.349, 0.23600000000000002, 0.104, 0.035, 0.009000000000000001]"
255,2229181,28,Roma,Atalanta,34.18,34.87,30.95,"[0.37500000000000006, 0.36100000000000004, 0.18600000000000003, 0.06, 0.015, 0.003]","[0.37000000000000005, 0.35900000000000004, 0.19200000000000003, 0.061, 0.015, 0.003]"
256,2229182,28,Udinese,Sampdoria,19.55,20.08,60.37,"[0.7450000000000001, 0.22200000000000003, 0.031, 0.002, 0.0, 0.0]","[0.7410000000000001, 0.22300000000000003, 0.033, 0.003, 0.0, 0.0]"
257,2229183,28,Venezia,Sassuolo,35.1,34.55,30.34,"[0.36400000000000005, 0.37200000000000005, 0.18100000000000002, 0.063, 0.013000000000000001, 0.002]","[0.37100000000000005, 0.36500000000000005, 0.18300000000000002, 0.05700000000000001, 0.016, 0.003]"
258,2229184,29,Atalanta,Genoa,27.89,28.84,43.27,"[0.5650000000000001, 0.32399999999999995, 0.09299999999999999, 0.016, 0.002, 0.0]","[0.559, 0.32399999999999995, 0.09599999999999999, 0.018000000000000002, 0.003, 0.0]"
259,2229185,29,Fiorentina,Bologna,29.01,28.93,42.05,"[0.553, 0.32799999999999996, 0.095, 0.020999999999999998, 0.002, 0.0]","[0.556, 0.32299999999999995, 0.096, 0.021, 0.003, 0.0]"
260,2229186,29,Verona,Napoli,35.34,35.47,29.2,"[0.324, 0.37300000000000005, 0.196, 0.07500000000000001, 0.024, 0.005]","[0.33, 0.36200000000000004, 0.20400000000000001, 0.07700000000000001, 0.020000000000000004, 0.004]"
261,2229187,29,Lazio,Venezia,25.16,24.91,49.93,"[0.648, 0.279, 0.062, 0.008, 0.001, 0.0]","[0.651, 0.28, 0.059, 0.008, 0.0, 0.0]"
262,2229188,29,Milan,Empoli,31.97,32.38,35.65,"[0.451, 0.35800000000000004, 0.148, 0.035, 0.006, 0.001]","[0.45, 0.35600000000000004, 0.146, 0.038, 0.008, 0.001]"
263,2229189,29,Salernitana,Sassuolo,37.84,37.47,24.69,"[0.23900000000000002, 0.34400000000000003, 0.24100000000000002, 0.115, 0.04200000000000001, 0.010000000000000002]","[0.24000000000000002, 0.342, 0.24400000000000002, 0.114, 0.04100000000000001, 0.010000000000000002]"
264,2229190,29,Sampdoria,Juventus,33.57,33.9,32.53,"[0.397, 0.36800000000000005, 0.169, 0.052000000000000005, 0.012, 0.003]","[0.396, 0.36900000000000005, 0.168, 0.053000000000000005, 0.013000000000000001, 0.002]"
265,2229191,29,Spezia,Cagliari,33.2,33.68,33.12,"[0.422, 0.36200000000000004, 0.156, 0.046, 0.01, 0.002]","[0.418, 0.36800000000000005, 0.156, 0.045000000000000005, 0.01, 0.001]"
266,2229192,29,Torino,Inter,35.7,34.88,29.42,"[0.336, 0.36800000000000005, 0.198, 0.07100000000000001, 0.019000000000000003, 0.004]","[0.341, 0.37100000000000005, 0.19100000000000003, 0.069, 0.019000000000000003, 0.005]"
267,2229193,29,Udinese,Roma,39.59,39.18,21.22,"[0.14100000000000001, 0.275, 0.267, 0.171, 0.085, 0.031999999999999994]","[0.14, 0.281, 0.261, 0.17400000000000004, 0.083, 0.031999999999999994]"
268,2229194,30,Bologna,Atalanta,28.11,28.23,43.66,"[0.5710000000000001, 0.31700000000000006, 0.091, 0.015, 0.001, 0.0]","[0.5730000000000001, 0.31600000000000006, 0.089, 0.015, 0.002, 0.0]"
269,2229195,30,Cagliari,Milan,33.68,33.34,32.98,"[0.417, 0.36400000000000005, 0.161, 0.04700000000000001, 0.010000000000000002, 0.002]","[0.424, 0.36200000000000004, 0.158, 0.044000000000000004, 0.011, 0.002]"
270,2229196,30,Empoli,Verona,28.21,28.54,43.24,"[0.5700000000000001, 0.31900000000000006, 0.091, 0.018000000000000002, 0.003, 0.0]","[0.5680000000000001, 0.31800000000000006, 0.09499999999999999, 0.018000000000000002, 0.002, 0.0]"
271,2229197,30,Genoa,Torino,26.92,26.75,46.33,"[0.6020000000000001, 0.30700000000000005, 0.07600000000000001, 0.013000000000000001, 0.002, 0.0]","[0.605, 0.30300000000000005, 0.07800000000000001, 0.012, 0.002, 0.0]"
272,2229198,30,Inter,Fiorentina,38.07,38.38,23.55,"[0.21500000000000002, 0.329, 0.252, 0.13, 0.053000000000000005, 0.013999999999999999]","[0.21400000000000002, 0.327, 0.253, 0.13099999999999998, 0.051000000000000004, 0.017]"
273,2229199,30,Juventus,Salernitana,27.71,27.22,45.07,"[0.588, 0.31300000000000006, 0.083, 0.013000000000000001, 0.002, 0.0]","[0.592, 0.30700000000000005, 0.083, 0.015, 0.002, 0.0]"
274,2229200,30,Napoli,Udinese,31.18,30.48,38.34,"[0.507, 0.34299999999999997, 0.11800000000000001, 0.026, 0.005, 0.0]","[0.514, 0.33799999999999997, 0.117, 0.026, 0.004, 0.0]"
275,2229201,30,Roma,Lazio,37.47,36.75,25.78,"[0.259, 0.344, 0.23600000000000002, 0.108, 0.036000000000000004, 0.009000000000000001]","[0.259, 0.349, 0.232, 0.105, 0.036000000000000004, 0.011000000000000003]"
276,2229202,30,Sassuolo,Spezia,29.04,28.99,41.97,"[0.546, 0.33099999999999996, 0.10099999999999999, 0.020000000000000004, 0.003, 0.0]","[0.546, 0.32899999999999996, 0.09999999999999999, 0.023, 0.003, 0.0]"
277,2229203,30,Venezia,Sampdoria,24.66,25.26,50.07,"[0.647, 0.28500000000000003, 0.059, 0.010000000000000002, 0.001, 0.0]","[0.642, 0.28800000000000003, 0.061, 0.010000000000000002, 0.001, 0.0]"
278,2229204,31,Atalanta,Napoli,32.98,32.88,34.14,"[0.412, 0.36700000000000005, 0.159, 0.04800000000000001, 0.011, 0.002]","[0.415, 0.36400000000000005, 0.159, 0.04800000000000001, 0.011, 0.002]"
279,2229205,31,Fiorentina,Empoli,27.4,27.77,44.83,"[0.591, 0.31100000000000005, 0.08100000000000002, 0.014000000000000002, 0.002, 0.0]","[0.5890000000000001, 0.30700000000000005, 0.08600000000000001, 0.015, 0.002, 0.0]"
280,2229206,31,Verona,Genoa,30.92,30.16,38.92,"[0.501, 0.347, 0.12100000000000001, 0.026, 0.004, 0.0]","[0.507, 0.341, 0.11800000000000001, 0.028, 0.005, 0.0]"
281,2229207,31,Juventus,Inter,36.19,36.15,27.66,"[0.29800000000000004, 0.364, 0.212, 0.09, 0.027000000000000003, 0.005]","[0.29800000000000004, 0.36, 0.219, 0.086, 0.026000000000000002, 0.007]"
282,2229208,31,Lazio,Sassuolo,37.88,37.12,25.0,"[0.245, 0.34299999999999997, 0.24200000000000002, 0.111, 0.04000000000000001, 0.011]","[0.244, 0.35, 0.24200000000000002, 0.11, 0.036000000000000004, 0.010000000000000002]"
283,2229209,31,Milan,Bologna,29.23,28.73,42.04,"[0.545, 0.329, 0.10099999999999999, 0.019000000000000003, 0.003, 0.0]","[0.546, 0.33299999999999996, 0.097, 0.019000000000000003, 0.002, 0.0]"
284,2229210,31,Salernitana,Torino,30.3,30.29,39.4,"[0.507, 0.343, 0.11900000000000001, 0.024999999999999998, 0.004, 0.0]","[0.504, 0.348, 0.116, 0.026, 0.004, 0.0]"
285,2229211,31,Sampdoria,Roma,37.53,37.81,24.66,"[0.221, 0.334, 0.25, 0.125, 0.048, 0.016]","[0.226, 0.327, 0.24900000000000003, 0.13, 0.05, 0.012]"
286,2229212,31,Spezia,Venezia,26.03,25.89,48.08,"[0.625, 0.29200000000000004, 0.07, 0.010000000000000002, 0.001, 0.0]","[0.623, 0.29400000000000004, 0.07100000000000001, 0.009000000000000001, 0.001, 0.0]"
287,2229213,31,Udinese,Cagliari,31.49,31.85,36.67,"[0.47600000000000003, 0.34900000000000003, 0.133, 0.032, 0.008, 0.0]","[0.47200000000000003, 0.35500000000000004, 0.131, 0.033, 0.006, 0.001]"
288,2229214,32,Bologna,Sampdoria,30.06,29.62,40.31,"[0.523, 0.34199999999999997, 0.107, 0.024, 0.003, 0.0]","[0.528, 0.33799999999999997, 0.106, 0.024, 0.003, 0.0]"
289,2229215,32,Cagliari,Juventus,34.23,35.53,30.24,"[0.34900000000000003, 0.37500000000000006, 0.18600000000000003, 0.069, 0.016, 0.003]","[0.34600000000000003, 0.36900000000000005, 0.19600000000000004, 0.065, 0.018000000000000002, 0.004]"
290,2229216,32,Empoli,Spezia,27.23,26.78,45.99,"[0.6020000000000001, 0.30600000000000005, 0.07500000000000001, 0.013000000000000001, 0.001, 0.0]","[0.605, 0.30200000000000005, 0.07600000000000001, 0.013000000000000001, 0.001, 0.0]"
291,2229217,32,Genoa,Lazio,34.59,35.14,30.26,"[0.36300000000000004, 0.36500000000000005, 0.18700000000000003, 0.063, 0.017, 0.003]","[0.35900000000000004, 0.36300000000000004, 0.19200000000000003, 0.066, 0.016, 0.002]"
292,2229218,32,Inter,Verona,30.8,31.44,37.76,"[0.48700000000000004, 0.35200000000000004, 0.12400000000000001, 0.030000000000000002, 0.005, 0.0]","[0.48600000000000004, 0.34700000000000003, 0.13, 0.030000000000000002, 0.005, 0.0]"
293,2229219,32,Napoli,Fiorentina,37.2,37.28,25.52,"[0.25, 0.343, 0.24300000000000002, 0.106, 0.04, 0.010000000000000002]","[0.249, 0.342, 0.24200000000000002, 0.11, 0.03900000000000001, 0.010000000000000002]"
294,2229220,32,Roma,Salernitana,30.89,30.34,38.77,"[0.504, 0.344, 0.12100000000000001, 0.027, 0.004, 0.001]","[0.509, 0.34099999999999997, 0.11800000000000001, 0.027, 0.005, 0.001]"
295,2229221,32,Sassuolo,Atalanta,32.88,32.88,34.24,"[0.434, 0.36000000000000004, 0.15, 0.043000000000000003, 0.010000000000000002, 0.001]","[0.433, 0.35900000000000004, 0.154, 0.043000000000000003, 0.008, 0.001]"
296,2229222,32,Torino,Milan,36.15,36.0,27.84,"[0.31000000000000005, 0.35800000000000004, 0.21600000000000003, 0.084, 0.025, 0.005]","[0.30900000000000005, 0.35800000000000004, 0.21500000000000002, 0.084, 0.026, 0.006]"
297,2229223,32,Venezia,Udinese,32.95,33.23,33.83,"[0.428, 0.35900000000000004, 0.156, 0.046, 0.009000000000000001, 0.002]","[0.428, 0.36300000000000004, 0.153, 0.045000000000000005, 0.010000000000000002, 0.001]"
298,2229224,33,Atalanta,Verona,31.14,31.0,37.85,"[0.48700000000000004, 0.34700000000000003, 0.128, 0.031000000000000003, 0.006, 0.001]","[0.48600000000000004, 0.35000000000000003, 0.129, 0.030000000000000002, 0.005, 0.0]"
299,2229225,33,Cagliari,Sassuolo,37.49,37.13,25.37,"[0.24700000000000003, 0.345, 0.23800000000000002, 0.112, 0.038, 0.012]","[0.252, 0.341, 0.24300000000000002, 0.109, 0.039, 0.008]"
300,2229226,33,Fiorentina,Venezia,27.64,28.95,43.41,"[0.5810000000000001, 0.31300000000000006, 0.087, 0.016, 0.002, 0.0]","[0.5690000000000001, 0.32200000000000006, 0.09, 0.016, 0.002, 0.0]"
301,2229227,33,Juventus,Bologna,28.59,28.9,42.51,"[0.548, 0.33099999999999996, 0.09699999999999999, 0.019000000000000003, 0.003, 0.0]","[0.55, 0.32999999999999996, 0.09899999999999999, 0.017, 0.002, 0.0]"
302,2229228,33,Lazio,Torino,31.47,31.95,36.58,"[0.468, 0.35800000000000004, 0.134, 0.034, 0.006, 0.001]","[0.467, 0.35300000000000004, 0.137, 0.036, 0.007, 0.001]"
303,2229229,33,Milan,Genoa,31.92,31.54,36.54,"[0.46900000000000003, 0.35200000000000004, 0.136, 0.034, 0.007, 0.001]","[0.46900000000000003, 0.35700000000000004, 0.132, 0.034, 0.007, 0.0]"
304,2229230,33,Napoli,Roma,36.43,37.44,26.13,"[0.263, 0.355, 0.231, 0.105, 0.034, 0.008]","[0.258, 0.35, 0.23700000000000002, 0.104, 0.036000000000000004, 0.011000000000000003]"
305,2229231,33,Sampdoria,Salernitana,27.94,28.12,43.94,"[0.5800000000000001, 0.31400000000000006, 0.08700000000000001, 0.016, 0.002, 0.0]","[0.5790000000000001, 0.31500000000000006, 0.08700000000000001, 0.016, 0.002, 0.0]"
306,2229232,33,Spezia,Inter,36.2,37.1,26.7,"[0.28500000000000003, 0.349, 0.228, 0.09799999999999999, 0.029, 0.008]","[0.274, 0.359, 0.229, 0.096, 0.031999999999999994, 0.007]"
307,2229233,33,Udinese,Empoli,18.85,18.61,62.54,"[0.759, 0.20900000000000002, 0.03, 0.003, 0.0, 0.0]","[0.763, 0.20700000000000002, 0.028, 0.003, 0.0, 0.0]"
308,2229234,34,Bologna,Udinese,35.07,34.92,30.01,"[0.35900000000000004, 0.36600000000000005, 0.18800000000000003, 0.067, 0.017, 0.002]","[0.35800000000000004, 0.36700000000000005, 0.18700000000000003, 0.065, 0.019000000000000003, 0.003]"
309,2229235,34,Empoli,Napoli,33.83,33.34,32.82,"[0.399, 0.36900000000000005, 0.168, 0.048, 0.012, 0.002]","[0.406, 0.36600000000000005, 0.165, 0.048, 0.01, 0.003]"
310,2229236,34,Genoa,Cagliari,28.43,29.6,41.97,"[0.547, 0.33199999999999996, 0.09599999999999999, 0.019999999999999997, 0.003, 0.0]","[0.538, 0.33699999999999997, 0.09999999999999999, 0.019999999999999997, 0.003, 0.0]"
311,2229237,34,Verona,Sampdoria,31.59,30.96,37.45,"[0.48200000000000004, 0.34800000000000003, 0.132, 0.031, 0.006, 0.0]","[0.48700000000000004, 0.34700000000000003, 0.13, 0.029, 0.006, 0.0]"
312,2229238,34,Inter,Roma,31.62,31.85,36.53,"[0.457, 0.36000000000000004, 0.137, 0.036, 0.007, 0.001]","[0.453, 0.36400000000000005, 0.138, 0.037, 0.005, 0.001]"
313,2229239,34,Lazio,Milan,35.48,34.71,29.82,"[0.34900000000000003, 0.36500000000000005, 0.19800000000000004, 0.068, 0.016, 0.004]","[0.35300000000000004, 0.36900000000000005, 0.19400000000000003, 0.06199999999999999, 0.018000000000000002, 0.004]"
314,2229240,34,Salernitana,Fiorentina,35.49,35.98,28.52,"[0.327, 0.36500000000000005, 0.202, 0.07700000000000001, 0.02, 0.005]","[0.321, 0.36900000000000005, 0.202, 0.07900000000000001, 0.020000000000000004, 0.005]"
315,2229241,34,Sassuolo,Juventus,35.82,34.87,29.32,"[0.324, 0.36600000000000005, 0.202, 0.07800000000000001, 0.023, 0.005]","[0.325, 0.36900000000000005, 0.20400000000000001, 0.07600000000000001, 0.019000000000000003, 0.005]"
316,2229242,34,Torino,Spezia,28.68,28.64,42.68,"[0.556, 0.32699999999999996, 0.09399999999999999, 0.019000000000000003, 0.003, 0.0]","[0.559, 0.32399999999999995, 0.09599999999999999, 0.018000000000000002, 0.002, 0.0]"
317,2229243,34,Venezia,Atalanta,36.58,36.24,27.18,"[0.29700000000000004, 0.358, 0.22, 0.09, 0.025, 0.007]","[0.30200000000000005, 0.353, 0.224, 0.087, 0.026000000000000002, 0.005]"
318,2229244,35,Atalanta,Salernitana,24.61,24.68,50.71,"[0.646, 0.28200000000000003, 0.06, 0.009000000000000001, 0.001, 0.0]","[0.646, 0.28, 0.063, 0.008, 0.001, 0.0]"
319,2229245,35,Cagliari,Verona,36.39,36.84,26.77,"[0.268, 0.355, 0.23, 0.102, 0.031, 0.008]","[0.26099999999999995, 0.362, 0.231, 0.09799999999999999, 0.033, 0.009000000000000001]"
320,2229246,35,Empoli,Torino,32.72,32.19,35.09,"[0.444, 0.36200000000000004, 0.145, 0.04, 0.008, 0.002]","[0.448, 0.36100000000000004, 0.145, 0.039, 0.008, 0.0]"
321,2229247,35,Juventus,Venezia,21.91,22.22,55.87,"[0.7070000000000001, 0.244, 0.043000000000000003, 0.005, 0.0, 0.0]","[0.7040000000000001, 0.243, 0.046, 0.005, 0.001, 0.0]"
322,2229248,35,Milan,Fiorentina,32.39,31.89,35.73,"[0.455, 0.36200000000000004, 0.136, 0.036, 0.007, 0.002]","[0.46, 0.36100000000000004, 0.135, 0.036, 0.006, 0.0]"
323,2229249,35,Napoli,Sassuolo,34.73,33.87,31.41,"[0.38100000000000006, 0.37400000000000005, 0.17200000000000001, 0.056, 0.014000000000000002, 0.003]","[0.388, 0.36300000000000004, 0.17600000000000002, 0.057, 0.014000000000000002, 0.002]"
324,2229250,35,Roma,Bologna,30.0,29.68,40.32,"[0.521, 0.33899999999999997, 0.111, 0.024, 0.004, 0.0]","[0.523, 0.33899999999999997, 0.111, 0.023, 0.003, 0.0]"
325,2229251,35,Sampdoria,Genoa,25.47,25.55,48.98,"[0.637, 0.28900000000000003, 0.062, 0.010000000000000002, 0.002, 0.0]","[0.635, 0.28700000000000003, 0.067, 0.010000000000000002, 0.001, 0.0]"
326,2229252,35,Spezia,Lazio,35.23,36.73,28.04,"[0.30500000000000005, 0.359, 0.216, 0.086, 0.025, 0.006]","[0.29600000000000004, 0.355, 0.223, 0.088, 0.028999999999999998, 0.006]"
327,2229253,35,Udinese,Inter,37.55,37.43,25.02,"[0.24300000000000002, 0.338, 0.245, 0.114, 0.04100000000000001, 0.010000000000000002]","[0.24400000000000002, 0.342, 0.24400000000000002, 0.114, 0.037, 0.010000000000000002]"
328,2229254,36,Fiorentina,Roma,32.56,33.42,34.01,"[0.421, 0.36700000000000005, 0.155, 0.044000000000000004, 0.010000000000000002, 0.001]","[0.416, 0.36700000000000005, 0.158, 0.04700000000000001, 0.009000000000000001, 0.001]"
329,2229255,36,Genoa,Juventus,33.72,33.1,33.18,"[0.41100000000000003, 0.37200000000000005, 0.159, 0.045000000000000005, 0.009000000000000001, 0.002]","[0.41500000000000004, 0.36700000000000005, 0.16, 0.043000000000000003, 0.010000000000000002, 0.003]"
330,2229256,36,Verona,Milan,37.84,37.69,24.47,"[0.234, 0.337, 0.249, 0.117, 0.043000000000000003, 0.012]","[0.23700000000000002, 0.337, 0.247, 0.115, 0.044000000000000004, 0.012]"
331,2229257,36,Inter,Empoli,29.14,27.88,42.98,"[0.554, 0.32399999999999995, 0.09599999999999999, 0.021, 0.003, 0.0]","[0.5650000000000001, 0.32099999999999995, 0.094, 0.016, 0.002, 0.0]"
332,2229258,36,Lazio,Sampdoria,29.53,29.85,40.62,"[0.535, 0.33399999999999996, 0.107, 0.019999999999999997, 0.002, 0.0]","[0.528, 0.33899999999999997, 0.106, 0.020999999999999998, 0.004, 0.0]"
333,2229259,36,Salernitana,Cagliari,26.71,27.53,45.76,"[0.6020000000000001, 0.30400000000000005, 0.07900000000000001, 0.013000000000000001, 0.001, 0.0]","[0.593, 0.31200000000000006, 0.07900000000000001, 0.014000000000000002, 0.001, 0.0]"
334,2229260,36,Sassuolo,Udinese,35.84,35.83,28.34,"[0.33, 0.36700000000000005, 0.20600000000000002, 0.07400000000000001, 0.019000000000000003, 0.005]","[0.332, 0.36300000000000004, 0.20400000000000001, 0.07500000000000001, 0.022, 0.005]"
335,2229261,36,Spezia,Atalanta,38.71,39.19,22.1,"[0.17400000000000002, 0.3, 0.262, 0.157, 0.065, 0.025]","[0.17200000000000001, 0.297, 0.269, 0.151, 0.068, 0.026000000000000002]"
336,2229262,36,Torino,Napoli,33.72,34.52,31.76,"[0.38, 0.36700000000000005, 0.17900000000000002, 0.056999999999999995, 0.014000000000000002, 0.003]","[0.37600000000000006, 0.36700000000000005, 0.18200000000000002, 0.05700000000000001, 0.015, 0.003]"
337,2229263,36,Venezia,Bologna,32.14,32.45,35.41,"[0.45, 0.36200000000000004, 0.143, 0.037, 0.007, 0.0]","[0.446, 0.36200000000000004, 0.146, 0.036, 0.007, 0.002]"
338,2229264,37,Bologna,Sassuolo,34.17,34.78,31.05,"[0.37900000000000006, 0.36500000000000005, 0.18000000000000002, 0.059, 0.016, 0.003]","[0.37200000000000005, 0.37300000000000005, 0.18200000000000002, 0.05700000000000001, 0.014000000000000002, 0.004]"
339,2229265,37,Cagliari,Inter,36.56,37.28,26.16,"[0.266, 0.35, 0.233, 0.103, 0.034, 0.009000000000000001]","[0.259, 0.356, 0.23500000000000001, 0.103, 0.034, 0.008]"
340,2229266,37,Empoli,Salernitana,27.25,27.64,45.11,"[0.588, 0.31700000000000006, 0.07900000000000001, 0.015000000000000001, 0.002, 0.0]","[0.586, 0.31200000000000006, 0.08600000000000001, 0.015000000000000001, 0.002, 0.0]"
341,2229267,37,Verona,Torino,35.23,34.62,30.16,"[0.36400000000000005, 0.36700000000000005, 0.18600000000000003, 0.063, 0.017, 0.003]","[0.36600000000000005, 0.36600000000000005, 0.18700000000000003, 0.061, 0.017, 0.003]"
342,2229268,37,Juventus,Lazio,36.62,36.37,27.01,"[0.279, 0.361, 0.226, 0.092, 0.03, 0.009000000000000001]","[0.28400000000000003, 0.359, 0.225, 0.09299999999999999, 0.029, 0.007]"
343,2229269,37,Milan,Atalanta,39.03,39.68,21.29,"[0.15200000000000002, 0.28, 0.271, 0.169, 0.07400000000000001, 0.03]","[0.14900000000000002, 0.278, 0.269, 0.17500000000000002, 0.07900000000000001, 0.026000000000000002]"
344,2229270,37,Napoli,Genoa,30.25,29.68,40.08,"[0.521, 0.33699999999999997, 0.112, 0.023999999999999997, 0.003, 0.0]","[0.523, 0.33799999999999997, 0.111, 0.022, 0.003, 0.0]"
345,2229271,37,Roma,Venezia,24.91,25.52,49.58,"[0.646, 0.28, 0.064, 0.010000000000000002, 0.001, 0.0]","[0.639, 0.28900000000000003, 0.063, 0.010000000000000002, 0.0, 0.0]"
346,2229272,37,Sampdoria,Fiorentina,29.82,30.3,39.88,"[0.518, 0.33899999999999997, 0.112, 0.024999999999999998, 0.003, 0.0]","[0.511, 0.346, 0.111, 0.024999999999999998, 0.003, 0.001]"
347,2229273,37,Udinese,Spezia,27.05,27.99,44.96,"[0.5880000000000001, 0.31700000000000006, 0.08000000000000002, 0.013999999999999999, 0.001, 0.0]","[0.584, 0.31100000000000005, 0.08700000000000001, 0.016, 0.002, 0.0]"
348,2229274,38,Atalanta,Empoli,29.78,28.77,41.45,"[0.528, 0.34099999999999997, 0.103, 0.023, 0.005, 0.0]","[0.541, 0.33199999999999996, 0.103, 0.020999999999999998, 0.003, 0.0]"
349,2229275,38,Fiorentina,Juventus,34.24,34.88,30.88,"[0.36300000000000004, 0.37400000000000005, 0.17900000000000002, 0.063, 0.015000000000000003, 0.003]","[0.36000000000000004, 0.36800000000000005, 0.18900000000000003, 0.061, 0.016, 0.003]"
350,2229276,38,Genoa,Bologna,36.65,35.79,27.56,"[0.29300000000000004, 0.358, 0.22, 0.09, 0.028, 0.007]","[0.30000000000000004, 0.355, 0.219, 0.091, 0.026, 0.005]"
351,2229277,38,Inter,Sampdoria,27.43,26.81,45.76,"[0.59, 0.31300000000000006, 0.08, 0.016, 0.001, 0.0]","[0.596, 0.30800000000000005, 0.08000000000000002, 0.015, 0.001, 0.0]"
352,2229278,38,Lazio,Verona,36.91,37.1,25.99,"[0.27, 0.35, 0.228, 0.102, 0.037000000000000005, 0.009000000000000001]","[0.271, 0.351, 0.227, 0.104, 0.035, 0.008]"
353,2229279,38,Salernitana,Udinese,36.73,36.18,27.09,"[0.272, 0.357, 0.23399999999999999, 0.095, 0.030999999999999996, 0.008]","[0.273, 0.362, 0.228, 0.09799999999999999, 0.028, 0.008]"
354,2229280,38,Sassuolo,Milan,37.65,37.84,24.51,"[0.221, 0.336, 0.251, 0.12200000000000001, 0.046, 0.013999999999999999]","[0.225, 0.328, 0.255, 0.126, 0.042, 0.013999999999999999]"
355,2229281,38,Spezia,Napoli,34.23,34.67,31.09,"[0.37500000000000006, 0.36100000000000004, 0.18300000000000002, 0.06, 0.015, 0.003]","[0.37100000000000005, 0.36800000000000005, 0.18300000000000002, 0.05900000000000001, 0.014000000000000002, 0.002]"
356,2229282,38,Torino,Roma,32.59,30.83,36.59,"[0.467, 0.358, 0.136, 0.034, 0.005, 0.0]","[0.47800000000000004, 0.35600000000000004, 0.125, 0.033, 0.007, 0.001]"
357,2229283,38,Venezia,Cagliari,28.11,27.87,44.02,"[0.5760000000000001, 0.315, 0.09100000000000001, 0.015, 0.002, 0.0]","[0.5760000000000001, 0.318, 0.08700000000000001, 0.016, 0.002, 0.0]"
